{
    "PKPCOLORTYPE": [
        "OFF",
        "SEMI_AUTOMATIC_NEAR",
        "SEMI_AUTOMATIC_NEAR_DISTANT",
        "AUTOMATIC_TWO_STATES",
        "AUTOMATIC_THREE_STATES",
        "AUTOMATIC_FOUR_STATES",
        "DISTANT",
        "DISTANT_REPEAT",
        "SHUNTING",
        "SHUNTING_DWARF",
        "LEVEL_CROSSING",
        "SEMI_AUTOMATIC_NEAR_TWO",
        "SEMI_AUTOMATIC_NEAR_TWO_WHITE",
        "SEMI_AUTOMATIC_NEAR_THREE",
        "SEMI_AUTOMATIC_NEAR_THREE_WHITE"
    ],
    "PKPSEMIAUTONEAR": [
        "OFF",
        "S1",
        "S2",
        "S6S10",
        "SZ_RED",
        "SZ",
        "MS2"
    ],
    "PKPSEMIAUTONEARTWO": [
        "OFF",
        "S1",
        "S2"
    ],
    "PKPSEMIAUTONEARTWOWHITE": [
        "OFF",
        "S1",
        "SZ_RED",
        "SZ",
        "MS2"
    ],
    "PKPSEMIAUTONEARTHREE": [
        "OFF",
        "S1",
        "S2",
        "S6S10"
    ],
    "PKPSEMIAUTONEARTHREEWHITE": [
        "OFF",
        "S1",
        "S2",
        "SZ_RED",
        "SZ",
        "MS2"
    ],
    "PKPSEMIAUTONEARDIST": [
        "OFF",
        "S1",
        "S2",
        "S3",
        "S4",
        "S5",
        "S6S10",
        "S7S11",
        "S8S12",
        "S9S13",
        "SZ_RED",
        "SZ",
        "MS2"
    ],
    "PKPAUTOTWO": [
        "OFF",
        "S1",
        "S2"
    ],
    "PKPAUTOTHREE": [
        "OFF",
        "S1",
        "S2",
        "S5"
    ],
    "PKPAUTOFOUR": [
        "OFF",
        "S1",
        "S2",
        "S3",
        "S5"
    ],
    "PKPDIST": [
        "OFF",
        "OS1",
        "OS2",
        "OS3",
        "OS4"
    ],
    "PKPDISTREPEAT": [
        "OFF",
        "SP1",
        "SP2",
        "SP3",
        "SP4"
    ],
    "PKPSHUNTING": [
        "OFF",
        "MS1",
        "MS2"
    ],
    "PKPLIGHTBAR": [
        "OFF",
        "GREEN",
        "YELLOW"
    ],
    "PKPLEVELCROSSING": [
        "OFF",
        "OSP1",
        "OSP2"
    ],
    "PKPW21": [
        "OFF",
        "Z40",
        "Z50",
        "Z60",
        "Z70",
        "Z80",
        "Z90",
        "Z100",
        "Z110",
        "Z120"
    ],
    "PKPREPEATER": [
        "OFF",
        "I",
        "II",
        "III"
    ]
}