{
	"credit": "Made with Blockbench by Mc_Jeronimo",
	"textures": {
		"1": "opensignals:blocks/jcppkp/mast",
		"particle": "opensignals:blocks/jcppkp/gray_dark"
	},
	"elements": [
		{
			"from": [7, 0, 7],
			"to": [9, 16, 9],
			"faces": {
				"north": {"uv": [0, 0, 2, 16], "texture": "#1"},
				"east": {"uv": [0, 0, 2, 16], "texture": "#1"},
				"south": {"uv": [0, 0, 2, 16], "texture": "#1"},
				"west": {"uv": [0, 0, 2, 16], "texture": "#1"},
				"up": {"uv": [0, 0, 2, 2], "texture": "#1"},
				"down": {"uv": [0, 14, 2, 16], "texture": "#1"}
			}
		},
		{
			"from": [7.5, -3, 14.5],
			"to": [8.5, 13, 15],
			"faces": {
				"north": {"uv": [0, 0, 1, 9], "texture": "#particle"},
				"east": {"uv": [0, 0, 0.5, 9], "texture": "#particle"},
				"south": {"uv": [0, 0, 1, 9], "texture": "#particle"},
				"west": {"uv": [0, 0, 0.5, 9], "texture": "#particle"},
				"up": {"uv": [0, 0, 1, 0.5], "texture": "#particle"},
				"down": {"uv": [0, 0, 1, 0.5], "texture": "#particle"}
			}
		},
		{
			"from": [7.5, 12.5, 11.5],
			"to": [8.5, 13, 14.5],
			"faces": {
				"north": {"uv": [0, 0, 1, 0.5], "texture": "#particle"},
				"east": {"uv": [0, 0, 3, 0.5], "texture": "#particle"},
				"south": {"uv": [0, 0, 1, 0.5], "texture": "#particle"},
				"west": {"uv": [0, 0, 3, 0.5], "texture": "#particle"},
				"up": {"uv": [0, 0, 1, 3], "texture": "#particle"},
				"down": {"uv": [0, 0, 1, 3], "texture": "#particle"}
			}
		},
		{
			"from": [7.5, 4.5, 11.5],
			"to": [8.5, 5, 14.5],
			"faces": {
				"north": {"uv": [0, 0, 1, 0.5], "texture": "#particle"},
				"east": {"uv": [0, 0, 3, 0.5], "texture": "#particle"},
				"south": {"uv": [0, 0, 1, 0.5], "texture": "#particle"},
				"west": {"uv": [0, 0, 3, 0.5], "texture": "#particle"},
				"up": {"uv": [0, 0, 1, 3], "texture": "#particle"},
				"down": {"uv": [0, 0, 1, 3], "texture": "#particle"}
			}
		},
		{
			"from": [7.5, -3, 11],
			"to": [8.5, 13, 11.5],
			"faces": {
				"north": {"uv": [0, 0, 1, 9], "texture": "#particle"},
				"east": {"uv": [0, 0, 0.5, 9], "texture": "#particle"},
				"south": {"uv": [0, 0, 1, 9], "texture": "#particle"},
				"west": {"uv": [0, 0, 0.5, 9], "texture": "#particle"},
				"up": {"uv": [0, 0, 1, 0.5], "texture": "#particle"},
				"down": {"uv": [0, 0, 1, 0.5], "texture": "#particle"}
			}
		},
		{
			"from": [7.5, 9.5, 9],
			"to": [8, 10.5, 11],
			"faces": {
				"north": {"uv": [0, 0, 0.5, 1], "texture": "#1"},
				"east": {"uv": [0, 0, 2, 1], "texture": "#1"},
				"south": {"uv": [0, 0, 0.5, 1], "texture": "#1"},
				"west": {"uv": [0, 0, 2, 1], "texture": "#1"},
				"up": {"uv": [0, 0, 0.5, 2], "texture": "#1"},
				"down": {"uv": [0, 0, 0.5, 2], "texture": "#1"}
			}
		}
	]
}