{
	"credit": "Made with Blockbench by Mc_Jeronimo",
	"texture_size": [32, 32],
	"textures": {
		"1": "opensignals:blocks/jcppkp/repeater_i",
		"6": "opensignals:blocks/default/white",
		"particle": "opensignals:blocks/default/white"
	},
	"elements": [
		{
			"name": "sign",
			"from": [6.5, 0, 6],
			"to": [9.5, 4, 7],
			"rotation": {"angle": 0, "axis": "y", "origin": [1, -8, -1]},
			"faces": {
				"north": {"uv": [0, 0, 5, 7], "texture": "#1"},
				"east": {"uv": [0, 0, 0.5, 2.5], "texture": "#6"},
				"south": {"uv": [0, 0, 3, 2.5], "texture": "#6"},
				"west": {"uv": [0, 0, 0.5, 2.5], "texture": "#6"},
				"up": {"uv": [0, 0, 3, 0.5], "texture": "#6"},
				"down": {"uv": [0, 0, 3, 0.5], "texture": "#6"}
			}
		}
	],
	"groups": [
		{
			"name": "mast_sign",
			"origin": [10, 26, 23],
			"color": 0,
			"children": [0]
		}
	]
}