{
	"credit": "Made with Blockbench by Mc_Jeronimo",
	"textures": {
		"0": "opensignals:blocks/jcppkp/gray",
		"1": "opensignals:blocks/jcppkp/black",
		"2": "opensignals:blocks/jcppkp/white",
		"8": "opensignals:blocks/jcppkp/gray_dark",
		"particle": "opensignals:blocks/jcppkp/gray",
		"lamp_1": "opensignals:blocks/jcppkp/lamp_black",
		"lamp_2": "opensignals:blocks/jcppkp/lamp_black",
		"lamp_3": "opensignals:blocks/jcppkp/lamp_black"
	},
	"elements": [
		{
			"from": [6, 0, 6.5],
			"to": [10, 16, 9.5],
			"faces": {
				"north": {"uv": [0, 0, 4, 16], "texture": "#0"},
				"east": {"uv": [0, 0, 3, 16], "texture": "#0"},
				"south": {"uv": [0, 0, 4, 16], "texture": "#0"},
				"west": {"uv": [0, 0, 3, 16], "texture": "#0"},
				"up": {"uv": [0, 0, 4, 3], "texture": "#0"},
				"down": {"uv": [0, 0, 4, 3], "texture": "#0"}
			}
		},
		{
			"from": [6, 16, 6.5],
			"to": [10, 19, 9.5],
			"faces": {
				"north": {"uv": [0, 0, 4, 3], "texture": "#0"},
				"east": {"uv": [0, 0, 3, 3], "texture": "#0"},
				"south": {"uv": [0, 0, 4, 3], "texture": "#0"},
				"west": {"uv": [0, 0, 3, 3], "texture": "#0"},
				"up": {"uv": [0, 0, 4, 3], "texture": "#0"},
				"down": {"uv": [0, 0, 4, 3], "texture": "#0"}
			}
		},
		{
			"from": [6, 2, 6],
			"to": [10, 3, 6.5],
			"faces": {
				"north": {"uv": [0, 0, 4, 1], "texture": "#1"},
				"east": {"uv": [0, 0, 0.5, 1], "texture": "#1"},
				"south": {"uv": [0, 0, 4, 1], "texture": "#1"},
				"west": {"uv": [0, 0, 0.5, 1], "texture": "#1"},
				"up": {"uv": [0, 0, 4, 0.5], "texture": "#1"},
				"down": {"uv": [0, 0, 4, 0.5], "texture": "#1"}
			}
		},
		{
			"from": [6, 20, 6],
			"to": [10, 21, 6.5],
			"faces": {
				"north": {"uv": [0, 0, 4, 1], "texture": "#1"},
				"east": {"uv": [0, 0, 0.5, 1], "texture": "#1"},
				"south": {"uv": [0, 0, 4, 1], "texture": "#1"},
				"west": {"uv": [0, 0, 0.5, 1], "texture": "#1"},
				"up": {"uv": [0, 0, 4, 0.5], "texture": "#1"},
				"down": {"uv": [0, 0, 4, 0.5], "texture": "#1"}
			}
		},
		{
			"from": [5, 19, 6],
			"to": [11, 20, 6.5],
			"faces": {
				"north": {"uv": [0, 0, 6, 1], "texture": "#1"},
				"east": {"uv": [0, 0, 0.5, 1], "texture": "#1"},
				"south": {"uv": [0, 0, 6, 1], "texture": "#1"},
				"west": {"uv": [0, 0, 0.5, 1], "texture": "#1"},
				"up": {"uv": [0, 0, 6, 0.5], "texture": "#1"},
				"down": {"uv": [0, 0, 6, 0.5], "texture": "#1"}
			}
		},
		{
			"from": [5, 3, 6],
			"to": [11, 4, 6.5],
			"faces": {
				"north": {"uv": [0, 0, 6, 1], "texture": "#1"},
				"east": {"uv": [0, 0, 0.5, 1], "texture": "#1"},
				"south": {"uv": [0, 0, 6, 1], "texture": "#1"},
				"west": {"uv": [0, 0, 0.5, 1], "texture": "#1"},
				"up": {"uv": [0, 0, 6, 0.5], "texture": "#1"},
				"down": {"uv": [0, 0, 6, 0.5], "texture": "#1"}
			}
		},
		{
			"from": [5, -2, 6],
			"to": [11, 2, 6.5],
			"faces": {
				"north": {"uv": [0, 0, 4, 3], "texture": "#2"},
				"east": {"uv": [0, 0, 0.5, 3], "texture": "#2"},
				"south": {"uv": [0, 0, 4, 3], "texture": "#2"},
				"west": {"uv": [0, 0, 0.5, 3], "texture": "#2"},
				"up": {"uv": [0, 0, 4, 0.5], "texture": "#2"},
				"down": {"uv": [0, 0, 4, 0.5], "texture": "#2"}
			}
		},
		{
			"from": [4, 4, 6],
			"to": [12, 16, 6.5],
			"faces": {
				"north": {"uv": [0, 0, 8, 12], "texture": "#1"},
				"east": {"uv": [0, 0, 0.5, 12], "texture": "#1"},
				"south": {"uv": [0, 0, 8, 12], "texture": "#1"},
				"west": {"uv": [0, 0, 0.5, 12], "texture": "#1"},
				"up": {"uv": [0, 0, 8, 0.5], "texture": "#1"},
				"down": {"uv": [0, 0, 8, 0.5], "texture": "#1"}
			}
		},
		{
			"from": [4, 16, 6],
			"to": [12, 19, 6.5],
			"faces": {
				"north": {"uv": [0, 0, 8, 3], "texture": "#1"},
				"east": {"uv": [0, 0, 0.5, 3], "texture": "#1"},
				"south": {"uv": [0, 0, 8, 3], "texture": "#1"},
				"west": {"uv": [0, 0, 0.5, 3], "texture": "#1"},
				"up": {"uv": [0, 0, 8, 0.5], "texture": "#1"},
				"down": {"uv": [0, 0, 8, 0.5], "texture": "#1"}
			}
		},
		{
			"from": [4, 14.5, 8.5],
			"to": [4.5, 15, 15.5],
			"faces": {
				"north": {"uv": [0, 0, 0.5, 0.5], "texture": "#8"},
				"east": {"uv": [0, 0, 7, 0.5], "texture": "#8"},
				"south": {"uv": [0, 0, 0.5, 0.5], "texture": "#8"},
				"west": {"uv": [0, 0, 7, 0.5], "texture": "#8"},
				"up": {"uv": [0, 0, 0.5, 7], "texture": "#8"},
				"down": {"uv": [0, 0, 0.5, 7], "texture": "#8"}
			}
		},
		{
			"from": [11.5, 14.5, 8.5],
			"to": [12, 15, 15.5],
			"faces": {
				"north": {"uv": [0, 0, 0.5, 0.5], "texture": "#8"},
				"east": {"uv": [0, 0, 7, 0.5], "texture": "#8"},
				"south": {"uv": [0, 0, 0.5, 0.5], "texture": "#8"},
				"west": {"uv": [0, 0, 7, 0.5], "texture": "#8"},
				"up": {"uv": [0, 0, 0.5, 7], "texture": "#8"},
				"down": {"uv": [0, 0, 0.5, 7], "texture": "#8"}
			}
		},
		{
			"from": [4.5, 14.5, 15],
			"to": [11.5, 15, 15.5],
			"faces": {
				"north": {"uv": [0, 0, 7, 0.5], "texture": "#8"},
				"east": {"uv": [0, 0, 0.5, 0.5], "texture": "#8"},
				"south": {"uv": [0, 0, 7, 0.5], "texture": "#8"},
				"west": {"uv": [0, 0, 0.5, 0.5], "texture": "#8"},
				"up": {"uv": [0, 0, 7, 0.5], "texture": "#8"},
				"down": {"uv": [0, 0, 7, 0.5], "texture": "#8"}
			}
		},
		{
			"from": [4.5, 14.5, 8.5],
			"to": [11.5, 15, 9],
			"faces": {
				"north": {"uv": [0, 0, 7, 0.5], "texture": "#8"},
				"east": {"uv": [0, 0, 0.5, 0.5], "texture": "#8"},
				"south": {"uv": [0, 0, 7, 0.5], "texture": "#8"},
				"west": {"uv": [0, 0, 0.5, 0.5], "texture": "#8"},
				"up": {"uv": [0, 0, 7, 0.5], "texture": "#8"},
				"down": {"uv": [0, 0, 7, 0.5], "texture": "#8"}
			}
		},
		{
			"from": [4.5, 3.5, 8.5],
			"to": [11.5, 4, 9],
			"faces": {
				"north": {"uv": [0, 0, 7, 0.5], "texture": "#8"},
				"east": {"uv": [0, 0, 0.5, 0.5], "texture": "#8"},
				"south": {"uv": [0, 0, 7, 0.5], "texture": "#8"},
				"west": {"uv": [0, 0, 0.5, 0.5], "texture": "#8"},
				"up": {"uv": [0, 0, 7, 0.5], "texture": "#8"},
				"down": {"uv": [0, 0, 7, 0.5], "texture": "#8"}
			}
		},
		{
			"from": [4.5, 3.5, 15],
			"to": [11.5, 4, 15.5],
			"faces": {
				"north": {"uv": [0, 0, 7, 0.5], "texture": "#8"},
				"east": {"uv": [0, 0, 0.5, 0.5], "texture": "#8"},
				"south": {"uv": [0, 0, 7, 0.5], "texture": "#8"},
				"west": {"uv": [0, 0, 0.5, 0.5], "texture": "#8"},
				"up": {"uv": [0, 0, 7, 0.5], "texture": "#8"},
				"down": {"uv": [0, 0, 7, 0.5], "texture": "#8"}
			}
		},
		{
			"from": [4, 3.5, 8.5],
			"to": [4.5, 4, 15.5],
			"faces": {
				"north": {"uv": [0, 0, 0.5, 0.5], "texture": "#8"},
				"east": {"uv": [0, 0, 7, 0.5], "texture": "#8"},
				"south": {"uv": [0, 0, 0.5, 0.5], "texture": "#8"},
				"west": {"uv": [0, 0, 7, 0.5], "texture": "#8"},
				"up": {"uv": [0, 0, 0.5, 7], "texture": "#8"},
				"down": {"uv": [0, 0, 0.5, 7], "texture": "#8"}
			}
		},
		{
			"from": [11.5, 3.5, 8.5],
			"to": [12, 4, 15.5],
			"faces": {
				"north": {"uv": [0, 0, 0.5, 0.5], "texture": "#8"},
				"east": {"uv": [0, 0, 7, 0.5], "texture": "#8"},
				"south": {"uv": [0, 0, 0.5, 0.5], "texture": "#8"},
				"west": {"uv": [0, 0, 7, 0.5], "texture": "#8"},
				"up": {"uv": [0, 0, 0.5, 7], "texture": "#8"},
				"down": {"uv": [0, 0, 0.5, 7], "texture": "#8"}
			}
		},
		{
			"name": "lamp_1",
			"from": [6.5, 5, 5.9],
			"to": [9.5, 8, 5.9],
			"faces": {
				"north": {"uv": [0, 0, 9, 9], "texture": "#lamp_1"}
			}
		},
		{
			"from": [9.5, 6.5, 5],
			"to": [10, 7.35, 6],
			"rotation": {"angle": 0, "axis": "z", "origin": [9.5, 8.25, 5.5]},
			"faces": {
				"north": {"uv": [0, 0, 0.85, 0.5], "rotation": 270, "texture": "#1"},
				"east": {"uv": [0, 0, 0.85, 1], "rotation": 90, "texture": "#1"},
				"south": {"uv": [0, 0, 0.85, 0.5], "rotation": 90, "texture": "#1"},
				"west": {"uv": [0, 0, 0.85, 1], "rotation": 90, "texture": "#1"},
				"up": {"uv": [0, 0, 1, 0.5], "rotation": 90, "texture": "#1"},
				"down": {"uv": [0, 0, 1, 0.5], "rotation": 90, "texture": "#1"}
			}
		},
		{
			"from": [9, 7.5, 4],
			"to": [10.5, 8, 6],
			"rotation": {"angle": -45, "axis": "z", "origin": [9.5, 8.25, 5.5]},
			"faces": {
				"north": {"uv": [0, 0, 1.5, 0.5], "texture": "#1"},
				"east": {"uv": [0, 0, 2, 0.5], "texture": "#1"},
				"south": {"uv": [0, 0, 1.5, 0.5], "texture": "#1"},
				"west": {"uv": [0, 0, 2, 0.5], "texture": "#1"},
				"up": {"uv": [0, 0, 1.5, 2], "texture": "#1"},
				"down": {"uv": [0, 0, 1.5, 2], "texture": "#1"}
			}
		},
		{
			"from": [7, 8, 3],
			"to": [9, 8.5, 6],
			"faces": {
				"north": {"uv": [0, 0, 2, 0.5], "texture": "#1"},
				"east": {"uv": [0, 0, 3, 0.5], "texture": "#1"},
				"south": {"uv": [0, 0, 2, 0.5], "texture": "#1"},
				"west": {"uv": [0, 0, 3, 0.5], "texture": "#1"},
				"up": {"uv": [0, 0, 2, 3], "texture": "#1"},
				"down": {"uv": [0, 0, 2, 3], "texture": "#1"}
			}
		},
		{
			"from": [5.5, 7.5, 4],
			"to": [7, 8, 6],
			"rotation": {"angle": 45, "axis": "z", "origin": [6.5, 8.25, 5.5]},
			"faces": {
				"north": {"uv": [0, 0, 1.5, 0.5], "texture": "#1"},
				"east": {"uv": [0, 0, 2, 0.5], "texture": "#1"},
				"south": {"uv": [0, 0, 1.5, 0.5], "texture": "#1"},
				"west": {"uv": [0, 0, 2, 0.5], "texture": "#1"},
				"up": {"uv": [0, 0, 1.5, 2], "texture": "#1"},
				"down": {"uv": [0, 0, 1.5, 2], "texture": "#1"}
			}
		},
		{
			"from": [6, 6.5, 5],
			"to": [6.5, 7.35, 6],
			"rotation": {"angle": 0, "axis": "z", "origin": [9.5, 8.25, 5.5]},
			"faces": {
				"north": {"uv": [0, 0, 0.85, 0.5], "rotation": 270, "texture": "#1"},
				"east": {"uv": [0, 0, 0.85, 1], "rotation": 90, "texture": "#1"},
				"south": {"uv": [0, 0, 0.85, 0.5], "rotation": 90, "texture": "#1"},
				"west": {"uv": [0, 0, 0.85, 1], "rotation": 90, "texture": "#1"},
				"up": {"uv": [0, 0, 1, 0.5], "rotation": 90, "texture": "#1"},
				"down": {"uv": [0, 0, 1, 0.5], "rotation": 90, "texture": "#1"}
			}
		},
		{
			"name": "lamp_2",
			"from": [6.5, 10, 5.9],
			"to": [9.5, 13, 5.9],
			"rotation": {"angle": 0, "axis": "y", "origin": [0, 5, 0]},
			"faces": {
				"north": {"uv": [0, 0, 9, 9], "texture": "#lamp_2"}
			}
		},
		{
			"from": [9.5, 11.5, 5],
			"to": [10, 12.35, 6],
			"rotation": {"angle": 0, "axis": "z", "origin": [9.5, 13.25, 5.5]},
			"faces": {
				"north": {"uv": [0, 0, 0.85, 0.5], "rotation": 270, "texture": "#1"},
				"east": {"uv": [0, 0, 0.85, 1], "rotation": 90, "texture": "#1"},
				"south": {"uv": [0, 0, 0.85, 0.5], "rotation": 90, "texture": "#1"},
				"west": {"uv": [0, 0, 0.85, 1], "rotation": 90, "texture": "#1"},
				"up": {"uv": [0, 0, 1, 0.5], "rotation": 90, "texture": "#1"},
				"down": {"uv": [0, 0, 1, 0.5], "rotation": 90, "texture": "#1"}
			}
		},
		{
			"from": [9, 12.5, 4],
			"to": [10.5, 13, 6],
			"rotation": {"angle": -45, "axis": "z", "origin": [9.5, 13.25, 5.5]},
			"faces": {
				"north": {"uv": [0, 0, 1.5, 0.5], "texture": "#1"},
				"east": {"uv": [0, 0, 2, 0.5], "texture": "#1"},
				"south": {"uv": [0, 0, 1.5, 0.5], "texture": "#1"},
				"west": {"uv": [0, 0, 2, 0.5], "texture": "#1"},
				"up": {"uv": [0, 0, 1.5, 2], "texture": "#1"},
				"down": {"uv": [0, 0, 1.5, 2], "texture": "#1"}
			}
		},
		{
			"from": [7, 13, 3],
			"to": [9, 13.5, 6],
			"rotation": {"angle": 0, "axis": "y", "origin": [0, 5, 0]},
			"faces": {
				"north": {"uv": [0, 0, 2, 0.5], "texture": "#1"},
				"east": {"uv": [0, 0, 3, 0.5], "texture": "#1"},
				"south": {"uv": [0, 0, 2, 0.5], "texture": "#1"},
				"west": {"uv": [0, 0, 3, 0.5], "texture": "#1"},
				"up": {"uv": [0, 0, 2, 3], "texture": "#1"},
				"down": {"uv": [0, 0, 2, 3], "texture": "#1"}
			}
		},
		{
			"from": [5.5, 12.5, 4],
			"to": [7, 13, 6],
			"rotation": {"angle": 45, "axis": "z", "origin": [6.5, 13.25, 5.5]},
			"faces": {
				"north": {"uv": [0, 0, 1.5, 0.5], "texture": "#1"},
				"east": {"uv": [0, 0, 2, 0.5], "texture": "#1"},
				"south": {"uv": [0, 0, 1.5, 0.5], "texture": "#1"},
				"west": {"uv": [0, 0, 2, 0.5], "texture": "#1"},
				"up": {"uv": [0, 0, 1.5, 2], "texture": "#1"},
				"down": {"uv": [0, 0, 1.5, 2], "texture": "#1"}
			}
		},
		{
			"from": [6, 11.5, 5],
			"to": [6.5, 12.35, 6],
			"rotation": {"angle": 0, "axis": "z", "origin": [9.5, 13.25, 5.5]},
			"faces": {
				"north": {"uv": [0, 0, 0.85, 0.5], "rotation": 270, "texture": "#1"},
				"east": {"uv": [0, 0, 0.85, 1], "rotation": 90, "texture": "#1"},
				"south": {"uv": [0, 0, 0.85, 0.5], "rotation": 90, "texture": "#1"},
				"west": {"uv": [0, 0, 0.85, 1], "rotation": 90, "texture": "#1"},
				"up": {"uv": [0, 0, 1, 0.5], "rotation": 90, "texture": "#1"},
				"down": {"uv": [0, 0, 1, 0.5], "rotation": 90, "texture": "#1"}
			}
		},
		{
			"name": "lamp_3",
			"from": [6.5, 15, 5.9],
			"to": [9.5, 18, 5.9],
			"rotation": {"angle": 0, "axis": "y", "origin": [0, 10, 0]},
			"faces": {
				"north": {"uv": [0, 0, 9, 9], "texture": "#lamp_3"}
			}
		},
		{
			"from": [9.5, 16.5, 5],
			"to": [10, 17.35, 6],
			"rotation": {"angle": 0, "axis": "z", "origin": [9.5, 18.25, 5.5]},
			"faces": {
				"north": {"uv": [0, 0, 0.85, 0.5], "rotation": 270, "texture": "#1"},
				"east": {"uv": [0, 0, 0.85, 1], "rotation": 90, "texture": "#1"},
				"south": {"uv": [0, 0, 0.85, 0.5], "rotation": 90, "texture": "#1"},
				"west": {"uv": [0, 0, 0.85, 1], "rotation": 90, "texture": "#1"},
				"up": {"uv": [0, 0, 1, 0.5], "rotation": 90, "texture": "#1"},
				"down": {"uv": [0, 0, 1, 0.5], "rotation": 90, "texture": "#1"}
			}
		},
		{
			"from": [9, 17.5, 4],
			"to": [10.5, 18, 6],
			"rotation": {"angle": -45, "axis": "z", "origin": [9.5, 18.25, 5.5]},
			"faces": {
				"north": {"uv": [0, 0, 1.5, 0.5], "texture": "#1"},
				"east": {"uv": [0, 0, 2, 0.5], "texture": "#1"},
				"south": {"uv": [0, 0, 1.5, 0.5], "texture": "#1"},
				"west": {"uv": [0, 0, 2, 0.5], "texture": "#1"},
				"up": {"uv": [0, 0, 1.5, 2], "texture": "#1"},
				"down": {"uv": [0, 0, 1.5, 2], "texture": "#1"}
			}
		},
		{
			"from": [7, 18, 3],
			"to": [9, 18.5, 6],
			"rotation": {"angle": 0, "axis": "y", "origin": [0, 10, 0]},
			"faces": {
				"north": {"uv": [0, 0, 2, 0.5], "texture": "#1"},
				"east": {"uv": [0, 0, 3, 0.5], "texture": "#1"},
				"south": {"uv": [0, 0, 2, 0.5], "texture": "#1"},
				"west": {"uv": [0, 0, 3, 0.5], "texture": "#1"},
				"up": {"uv": [0, 0, 2, 3], "texture": "#1"},
				"down": {"uv": [0, 0, 2, 3], "texture": "#1"}
			}
		},
		{
			"from": [5.5, 17.5, 4],
			"to": [7, 18, 6],
			"rotation": {"angle": 45, "axis": "z", "origin": [6.5, 18.25, 5.5]},
			"faces": {
				"north": {"uv": [0, 0, 1.5, 0.5], "texture": "#1"},
				"east": {"uv": [0, 0, 2, 0.5], "texture": "#1"},
				"south": {"uv": [0, 0, 1.5, 0.5], "texture": "#1"},
				"west": {"uv": [0, 0, 2, 0.5], "texture": "#1"},
				"up": {"uv": [0, 0, 1.5, 2], "texture": "#1"},
				"down": {"uv": [0, 0, 1.5, 2], "texture": "#1"}
			}
		},
		{
			"from": [6, 16.5, 5],
			"to": [6.5, 17.35, 6],
			"rotation": {"angle": 0, "axis": "z", "origin": [9.5, 18.25, 5.5]},
			"faces": {
				"north": {"uv": [0, 0, 0.85, 0.5], "rotation": 270, "texture": "#1"},
				"east": {"uv": [0, 0, 0.85, 1], "rotation": 90, "texture": "#1"},
				"south": {"uv": [0, 0, 0.85, 0.5], "rotation": 90, "texture": "#1"},
				"west": {"uv": [0, 0, 0.85, 1], "rotation": 90, "texture": "#1"},
				"up": {"uv": [0, 0, 1, 0.5], "rotation": 90, "texture": "#1"},
				"down": {"uv": [0, 0, 1, 0.5], "rotation": 90, "texture": "#1"}
			}
		},
		{
			"from": [10.5, 4, 14.5],
			"to": [11.5, 12, 15],
			"rotation": {"angle": 0, "axis": "y", "origin": [-6, 0, 0]},
			"faces": {
				"north": {"uv": [0, 0, 1, 8], "texture": "#8"},
				"east": {"uv": [0, 0, 0.5, 8], "texture": "#8"},
				"south": {"uv": [0, 0, 1, 8], "texture": "#8"},
				"west": {"uv": [0, 0, 0.5, 8], "texture": "#8"},
				"up": {"uv": [0, 0, 1, 0.5], "texture": "#8"},
				"down": {"uv": [0, 0, 1, 0.5], "texture": "#8"}
			}
		},
		{
			"from": [10.5, 11.5, 11.5],
			"to": [11.5, 12, 14.5],
			"rotation": {"angle": 0, "axis": "y", "origin": [-6, 0, 0]},
			"faces": {
				"north": {"uv": [0, 0, 1, 0.5], "texture": "#8"},
				"east": {"uv": [0, 0, 3, 0.5], "texture": "#8"},
				"south": {"uv": [0, 0, 1, 0.5], "texture": "#8"},
				"west": {"uv": [0, 0, 3, 0.5], "texture": "#8"},
				"up": {"uv": [0, 0, 1, 3], "texture": "#8"},
				"down": {"uv": [0, 0, 1, 3], "texture": "#8"}
			}
		},
		{
			"from": [10.5, 4.5, 11.5],
			"to": [11.5, 5, 14.5],
			"rotation": {"angle": 0, "axis": "y", "origin": [-6, 0, 0]},
			"faces": {
				"north": {"uv": [0, 0, 1, 0.5], "texture": "#8"},
				"east": {"uv": [0, 0, 3, 0.5], "texture": "#8"},
				"south": {"uv": [0, 0, 1, 0.5], "texture": "#8"},
				"west": {"uv": [0, 0, 3, 0.5], "texture": "#8"},
				"up": {"uv": [0, 0, 1, 3], "texture": "#8"},
				"down": {"uv": [0, 0, 1, 3], "texture": "#8"}
			}
		},
		{
			"from": [10.5, 4, 11],
			"to": [11.5, 12, 11.5],
			"rotation": {"angle": 0, "axis": "y", "origin": [-6, 0, 0]},
			"faces": {
				"north": {"uv": [0, 0, 1, 8], "texture": "#8"},
				"east": {"uv": [0, 0, 0.5, 8], "texture": "#8"},
				"south": {"uv": [0, 0, 1, 8], "texture": "#8"},
				"west": {"uv": [0, 0, 0.5, 8], "texture": "#8"},
				"up": {"uv": [0, 0, 1, 0.5], "texture": "#8"},
				"down": {"uv": [0, 0, 1, 0.5], "texture": "#8"}
			}
		},
		{
			"from": [7.5, -2.5, 14.5],
			"to": [8.5, 5.5, 15],
			"rotation": {"angle": -22.5, "axis": "z", "origin": [6, -3, 13]},
			"faces": {
				"north": {"uv": [0, 0, 1, 5], "texture": "#8"},
				"east": {"uv": [0, 0, 0.5, 5], "texture": "#8"},
				"south": {"uv": [0, 0, 1, 5], "texture": "#8"},
				"west": {"uv": [0, 0, 0.5, 5], "texture": "#8"},
				"up": {"uv": [0, 0, 1, 0.5], "texture": "#8"},
				"down": {"uv": [0, 0, 1, 0.5], "texture": "#8"}
			}
		},
		{
			"from": [7.5, -2.5, 11],
			"to": [8.5, 5.5, 11.5],
			"rotation": {"angle": -22.5, "axis": "z", "origin": [6, -3, 13]},
			"faces": {
				"north": {"uv": [0, 0, 1, 5], "texture": "#8"},
				"east": {"uv": [0, 0, 0.5, 5], "texture": "#8"},
				"south": {"uv": [0, 0, 1, 5], "texture": "#8"},
				"west": {"uv": [0, 0, 0.5, 5], "texture": "#8"},
				"up": {"uv": [0, 0, 1, 0.5], "texture": "#8"},
				"down": {"uv": [0, 0, 1, 0.5], "texture": "#8"}
			}
		}
	],
	"groups": [
		0,
		1,
		2,
		3,
		4,
		5,
		6,
		7,
		8,
		9,
		10,
		11,
		12,
		13,
		14,
		15,
		16,
		{
			"name": "group",
			"origin": [9.5, 8.25, 5.5],
			"color": 0,
			"children": [17, 18, 19, 20, 21, 22]
		},
		{
			"name": "group",
			"origin": [9.5, 8.25, 5.5],
			"color": 0,
			"children": [23, 24, 25, 26, 27, 28]
		},
		{
			"name": "group",
			"origin": [9.5, 8.25, 5.5],
			"color": 0,
			"children": [29, 30, 31, 32, 33, 34]
		},
		{
			"name": "group",
			"origin": [0, 0, 0],
			"color": 0,
			"children": [35, 36, 37, 38, 39, 40]
		}
	]
}