{
	"credit": "Made with Blockbench by Mc_Jeronimo",
	"textures": {
		"0": "opensignals:blocks/jcppkp/gray",
		"1": "opensignals:blocks/jcppkp/black",
		"2": "opensignals:blocks/jcppkp/white",
		"particle": "opensignals:blocks/jcppkp/gray",
		"lamp_1": "opensignals:blocks/jcppkp/lamp_black",
		"lamp_2": "opensignals:blocks/jcppkp/lamp_black"
	},
	"elements": [
		{
			"from": [6, 2, 5.5],
			"to": [10, 16, 8.5],
			"rotation": {"angle": 0, "axis": "y", "origin": [0, 0, -1]},
			"faces": {
				"north": {"uv": [0, 0, 4, 14], "texture": "#1"},
				"east": {"uv": [0, 0, 3, 14], "texture": "#0"},
				"south": {"uv": [0, 0, 4, 14], "texture": "#0"},
				"west": {"uv": [0, 0, 3, 14], "texture": "#0"},
				"up": {"uv": [0, 0, 4, 3], "texture": "#0"},
				"down": {"uv": [0, 0, 4, 3], "texture": "#0"}
			}
		},
		{
			"from": [5, 0, 3.5],
			"to": [11, 2, 9.5],
			"rotation": {"angle": 0, "axis": "y", "origin": [0, 0, -1]},
			"faces": {
				"north": {"uv": [0, 0, 6, 2], "texture": "#0"},
				"east": {"uv": [0, 0, 6, 2], "texture": "#0"},
				"south": {"uv": [0, 0, 6, 2], "texture": "#0"},
				"west": {"uv": [0, 0, 6, 2], "texture": "#0"},
				"up": {"uv": [0, 0, 6, 6], "texture": "#0"},
				"down": {"uv": [0, 0, 6, 6], "texture": "#0"}
			}
		},
		{
			"from": [5, 16, 6],
			"to": [11, 20, 6.5],
			"rotation": {"angle": 0, "axis": "y", "origin": [0, 0, -1]},
			"faces": {
				"north": {"uv": [0, 0, 4, 3], "texture": "#2"},
				"east": {"uv": [0, 0, 0.5, 3], "texture": "#2"},
				"south": {"uv": [0, 0, 4, 3], "texture": "#2"},
				"west": {"uv": [0, 0, 0.5, 3], "texture": "#2"},
				"up": {"uv": [0, 0, 4, 0.5], "texture": "#2"},
				"down": {"uv": [0, 0, 4, 0.5], "texture": "#2"}
			}
		},
		{
			"name": "lamp_1",
			"from": [6.5, 5, 4.9],
			"to": [9.5, 8, 4.9],
			"rotation": {"angle": 0, "axis": "y", "origin": [0, 0, -1]},
			"faces": {
				"north": {"uv": [0, 0, 9, 9], "texture": "#lamp_1"}
			}
		},
		{
			"from": [9.5, 6.5, 4],
			"to": [10, 7.35, 5],
			"rotation": {"angle": 0, "axis": "z", "origin": [9.5, 8.25, 4.5]},
			"faces": {
				"north": {"uv": [0, 0, 0.85, 0.5], "rotation": 270, "texture": "#1"},
				"east": {"uv": [0, 0, 0.85, 1], "rotation": 90, "texture": "#1"},
				"south": {"uv": [0, 0, 0.85, 0.5], "rotation": 90, "texture": "#1"},
				"west": {"uv": [0, 0, 0.85, 1], "rotation": 90, "texture": "#1"},
				"up": {"uv": [0, 0, 1, 0.5], "rotation": 90, "texture": "#1"},
				"down": {"uv": [0, 0, 1, 0.5], "rotation": 90, "texture": "#1"}
			}
		},
		{
			"from": [9, 7.5, 3],
			"to": [10.5, 8, 5],
			"rotation": {"angle": -45, "axis": "z", "origin": [9.5, 8.25, 4.5]},
			"faces": {
				"north": {"uv": [0, 0, 1.5, 0.5], "texture": "#1"},
				"east": {"uv": [0, 0, 2, 0.5], "texture": "#1"},
				"south": {"uv": [0, 0, 1.5, 0.5], "texture": "#1"},
				"west": {"uv": [0, 0, 2, 0.5], "texture": "#1"},
				"up": {"uv": [0, 0, 1.5, 2], "texture": "#1"},
				"down": {"uv": [0, 0, 1.5, 2], "texture": "#1"}
			}
		},
		{
			"from": [7, 8, 2],
			"to": [9, 8.5, 5],
			"rotation": {"angle": 0, "axis": "y", "origin": [0, 0, -1]},
			"faces": {
				"north": {"uv": [0, 0, 2, 0.5], "texture": "#1"},
				"east": {"uv": [0, 0, 3, 0.5], "texture": "#1"},
				"south": {"uv": [0, 0, 2, 0.5], "texture": "#1"},
				"west": {"uv": [0, 0, 3, 0.5], "texture": "#1"},
				"up": {"uv": [0, 0, 2, 3], "texture": "#1"},
				"down": {"uv": [0, 0, 2, 3], "texture": "#1"}
			}
		},
		{
			"from": [5.5, 7.5, 3],
			"to": [7, 8, 5],
			"rotation": {"angle": 45, "axis": "z", "origin": [6.5, 8.25, 4.5]},
			"faces": {
				"north": {"uv": [0, 0, 1.5, 0.5], "texture": "#1"},
				"east": {"uv": [0, 0, 2, 0.5], "texture": "#1"},
				"south": {"uv": [0, 0, 1.5, 0.5], "texture": "#1"},
				"west": {"uv": [0, 0, 2, 0.5], "texture": "#1"},
				"up": {"uv": [0, 0, 1.5, 2], "texture": "#1"},
				"down": {"uv": [0, 0, 1.5, 2], "texture": "#1"}
			}
		},
		{
			"from": [6, 6.5, 4],
			"to": [6.5, 7.35, 5],
			"rotation": {"angle": 0, "axis": "z", "origin": [9.5, 8.25, 4.5]},
			"faces": {
				"north": {"uv": [0, 0, 0.85, 0.5], "rotation": 270, "texture": "#1"},
				"east": {"uv": [0, 0, 0.85, 1], "rotation": 90, "texture": "#1"},
				"south": {"uv": [0, 0, 0.85, 0.5], "rotation": 90, "texture": "#1"},
				"west": {"uv": [0, 0, 0.85, 1], "rotation": 90, "texture": "#1"},
				"up": {"uv": [0, 0, 1, 0.5], "rotation": 90, "texture": "#1"},
				"down": {"uv": [0, 0, 1, 0.5], "rotation": 90, "texture": "#1"}
			}
		},
		{
			"name": "lamp_2",
			"from": [6.5, 11, 4.9],
			"to": [9.5, 14, 4.9],
			"rotation": {"angle": 0, "axis": "y", "origin": [0, 6, -1]},
			"faces": {
				"north": {"uv": [0, 0, 9, 9], "texture": "#lamp_2"}
			}
		},
		{
			"from": [9.5, 12.5, 4],
			"to": [10, 13.35, 5],
			"rotation": {"angle": 0, "axis": "z", "origin": [9.5, 14.25, 4.5]},
			"faces": {
				"north": {"uv": [0, 0, 0.85, 0.5], "rotation": 270, "texture": "#1"},
				"east": {"uv": [0, 0, 0.85, 1], "rotation": 90, "texture": "#1"},
				"south": {"uv": [0, 0, 0.85, 0.5], "rotation": 90, "texture": "#1"},
				"west": {"uv": [0, 0, 0.85, 1], "rotation": 90, "texture": "#1"},
				"up": {"uv": [0, 0, 1, 0.5], "rotation": 90, "texture": "#1"},
				"down": {"uv": [0, 0, 1, 0.5], "rotation": 90, "texture": "#1"}
			}
		},
		{
			"from": [9, 13.5, 3],
			"to": [10.5, 14, 5],
			"rotation": {"angle": -45, "axis": "z", "origin": [9.5, 14.25, 4.5]},
			"faces": {
				"north": {"uv": [0, 0, 1.5, 0.5], "texture": "#1"},
				"east": {"uv": [0, 0, 2, 0.5], "texture": "#1"},
				"south": {"uv": [0, 0, 1.5, 0.5], "texture": "#1"},
				"west": {"uv": [0, 0, 2, 0.5], "texture": "#1"},
				"up": {"uv": [0, 0, 1.5, 2], "texture": "#1"},
				"down": {"uv": [0, 0, 1.5, 2], "texture": "#1"}
			}
		},
		{
			"from": [7, 14, 2],
			"to": [9, 14.5, 5],
			"rotation": {"angle": 0, "axis": "y", "origin": [0, 6, -1]},
			"faces": {
				"north": {"uv": [0, 0, 2, 0.5], "texture": "#1"},
				"east": {"uv": [0, 0, 3, 0.5], "texture": "#1"},
				"south": {"uv": [0, 0, 2, 0.5], "texture": "#1"},
				"west": {"uv": [0, 0, 3, 0.5], "texture": "#1"},
				"up": {"uv": [0, 0, 2, 3], "texture": "#1"},
				"down": {"uv": [0, 0, 2, 3], "texture": "#1"}
			}
		},
		{
			"from": [5.5, 13.5, 3],
			"to": [7, 14, 5],
			"rotation": {"angle": 45, "axis": "z", "origin": [6.5, 14.25, 4.5]},
			"faces": {
				"north": {"uv": [0, 0, 1.5, 0.5], "texture": "#1"},
				"east": {"uv": [0, 0, 2, 0.5], "texture": "#1"},
				"south": {"uv": [0, 0, 1.5, 0.5], "texture": "#1"},
				"west": {"uv": [0, 0, 2, 0.5], "texture": "#1"},
				"up": {"uv": [0, 0, 1.5, 2], "texture": "#1"},
				"down": {"uv": [0, 0, 1.5, 2], "texture": "#1"}
			}
		},
		{
			"from": [6, 12.5, 4],
			"to": [6.5, 13.35, 5],
			"rotation": {"angle": 0, "axis": "z", "origin": [9.5, 14.25, 4.5]},
			"faces": {
				"north": {"uv": [0, 0, 0.85, 0.5], "rotation": 270, "texture": "#1"},
				"east": {"uv": [0, 0, 0.85, 1], "rotation": 90, "texture": "#1"},
				"south": {"uv": [0, 0, 0.85, 0.5], "rotation": 90, "texture": "#1"},
				"west": {"uv": [0, 0, 0.85, 1], "rotation": 90, "texture": "#1"},
				"up": {"uv": [0, 0, 1, 0.5], "rotation": 90, "texture": "#1"},
				"down": {"uv": [0, 0, 1, 0.5], "rotation": 90, "texture": "#1"}
			}
		}
	],
	"groups": [
		0,
		1,
		2,
		{
			"name": "group",
			"origin": [9.5, 8.25, 5.5],
			"color": 0,
			"children": [3, 4, 5, 6, 7, 8]
		},
		{
			"name": "group",
			"origin": [9.5, 8.25, 5.5],
			"color": 0,
			"children": [9, 10, 11, 12, 13, 14]
		},
		{
			"name": "group",
			"origin": [0, 0, 0],
			"color": 0,
			"children": []
		}
	]
}